{"flutter":{"platforms":{"android":{"default":{"projectId":"anbar-7232b","appId":"1:607529736390:android:df1d0c5bc200dfbe7f1fc7","fileOutput":"android/app/google-services.json"}},"dart":{"lib/firebase_options.dart":{"projectId":"anbar-7232b","configurations":{"android":"1:607529736390:android:df1d0c5bc200dfbe7f1fc7","ios":"1:607529736390:ios:ac99ff39aea4670c7f1fc7","macos":"1:607529736390:ios:ac99ff39aea4670c7f1fc7","web":"1:607529736390:web:56badd7151a18f397f1fc7","windows":"1:607529736390:web:4284a239720d5de07f1fc7"}}}}}}